music_genre,artist_name,song_name,album_name,release_date,comment_count
Pop,郑润泽,介质,介质,2024-09-12,16310
Pop,郑润泽,介质 (伴奏),介质,2024-09-12,387
Pop,郑润泽,光影,漩涡人生,2024-06-22,5037
Pop,郑润泽,坠,漩涡人生,2024-06-22,32293
Pop,郑润泽,五公里的雾,漩涡人生,2024-06-22,6526
Pop,郑润泽,人群中的信,漩涡人生,2024-06-22,2697
Pop,郑润泽,森林,漩涡人生,2024-06-22,2607
Pop,郑润泽,想浪漫点,漩涡人生,2024-06-22,21687
Pop,郑润泽,想要成为的大人,漩涡人生,2024-06-22,20685
Pop,郑润泽,WAVE,漩涡人生,2024-06-22,14101
Pop,郑润泽,遗忘周,漩涡人生,2024-06-22,14621
Pop,郑润泽,漩涡人生,漩涡人生,2024-06-22,9762
Pop,郑润泽,光影（伴奏）,漩涡人生,2024-06-22,94
Pop,郑润泽,坠（伴奏）,漩涡人生,2024-06-22,430
Pop,郑润泽,五公里的雾（伴奏）,漩涡人生,2024-06-22,1145
Pop,郑润泽,人群中的信（伴奏）,漩涡人生,2024-06-22,132
Pop,郑润泽,森林（伴奏）,漩涡人生,2024-06-22,344
Pop,郑润泽,想浪漫点（伴奏）,漩涡人生,2024-06-22,81
Pop,郑润泽,想要成为的大人（伴奏）,漩涡人生,2024-06-22,201
Pop,郑润泽,WAVE（伴奏）,漩涡人生,2024-06-22,220
Pop,郑润泽,遗忘周（伴奏）,漩涡人生,2024-06-22,99
Pop,郑润泽,漩涡人生（伴奏）,漩涡人生,2024-06-22,1757
Pop,郑润泽,奇迹,《祈今朝》影视剧原声大碟,2024-01-19,4136
Pop,郑润泽,共鸣,《祈今朝》影视剧原声大碟,2024-01-19,20795
Pop,郑润泽,一生一念,《祈今朝》影视剧原声大碟,2024-01-19,3426
Pop,郑润泽,寻,《祈今朝》影视剧原声大碟,2024-01-19,1100
Pop,郑润泽,盼,《祈今朝》影视剧原声大碟,2024-01-19,1608
Pop,郑润泽,抵达时间的尽头,《祈今朝》影视剧原声大碟,2024-01-19,4328
Pop,郑润泽,祈,《祈今朝》影视剧原声大碟,2024-01-19,1564
Pop,郑润泽,爱随风起,《祈今朝》影视剧原声大碟,2024-01-19,1519
Pop,郑润泽,换,《祈今朝》影视剧原声大碟,2024-01-19,16831
Pop,郑润泽,无期,《祈今朝》影视剧原声大碟,2024-01-19,357
Pop,郑润泽,盼 (伴奏),《祈今朝》影视剧原声大碟,2024-01-19,280
Pop,郑润泽,抵达时间的尽头 (伴奏),《祈今朝》影视剧原声大碟,2024-01-19,412
Pop,郑润泽,祈 (伴奏),《祈今朝》影视剧原声大碟,2024-01-19,169
Pop,郑润泽,爱随风起 (伴奏),《祈今朝》影视剧原声大碟,2024-01-19,11
Pop,郑润泽,换 (伴奏),《祈今朝》影视剧原声大碟,2024-01-19,179
Pop,郑润泽,无期 (伴奏),《祈今朝》影视剧原声大碟,2024-01-19,18
Pop,郑润泽,瞬,瞬,2023-07-17,629502
Pop,郑润泽,城外,城外,2023-05-22,39113
Pop,郑润泽,城外（伴奏）,城外,2023-05-22,371
Pop,郑润泽,Intro（睡吧）,梦游,2023-02-25,23831
Pop,郑润泽,归,梦游,2023-02-25,11969
Pop,郑润泽,不见不离开,梦游,2023-02-25,33647
Pop,郑润泽,绽放,梦游,2023-02-25,186216
Pop,郑润泽,某天,梦游,2023-02-25,28671
Pop,郑润泽,霓虹,梦游,2023-02-25,5957
Pop,郑润泽,我们很好,梦游,2023-02-25,18245
Pop,郑润泽,幻想,梦游,2023-02-25,12152
Pop,郑润泽,木头人,梦游,2023-02-25,4072
Pop,郑润泽,你已把我的心磨平,梦游,2023-02-25,31692
Pop,郑润泽,正负相吸,梦游,2023-02-25,13078
Pop,郑润泽,遐想,梦游,2023-02-25,238207
Pop,郑润泽,9.26,梦游,2023-02-25,11774
Pop,郑润泽,归（伴奏）,梦游,2023-02-25,67
Pop,郑润泽,不见不离开（伴奏）,梦游,2023-02-25,164
Pop,郑润泽,绽放（伴奏）,梦游,2023-02-25,226
Pop,郑润泽,某天（伴奏）,梦游,2023-02-25,521
Pop,郑润泽,霓虹（伴奏）,梦游,2023-02-25,135
Pop,郑润泽,我们很好（伴奏）,梦游,2023-02-25,197
Pop,郑润泽,幻想（伴奏）,梦游,2023-02-25,17224
Pop,郑润泽,木头人（伴奏）,梦游,2023-02-25,93
Pop,郑润泽,你已把我的心磨平（伴奏）,梦游,2023-02-25,2013
Pop,郑润泽,正负相吸（伴奏）,梦游,2023-02-25,18707
Pop,郑润泽,遐想（伴奏）,梦游,2023-02-25,561
Pop,郑润泽,9.26（伴奏）,梦游,2023-02-25,1504
Pop,郑润泽,就让这大雨全都落下,就让这大雨全都落下,2023-02-21,88018
Pop,郑润泽,就让这大雨全都落下 (深情版) (伴奏),就让这大雨全都落下,2023-02-21,497
Pop,郑润泽,目民,目民,2022-08-06,24725
Pop,郑润泽,目民（伴奏）,目民,2022-08-06,9715
Pop,郑润泽,If you,春夏秋冬,2022-07-18,16788
Pop,郑润泽,Violet,春夏秋冬,2022-07-18,17286
Pop,郑润泽,香水,春夏秋冬,2022-07-18,4535
Pop,郑润泽,2.35AM,春夏秋冬,2022-07-18,25568
Pop,郑润泽,If you（伴奏）,春夏秋冬,2022-07-18,86
Pop,郑润泽,Violet（伴奏）,春夏秋冬,2022-07-18,75
Pop,郑润泽,香水（伴奏）,春夏秋冬,2022-07-18,193
Pop,郑润泽,2.35AM（伴奏）,春夏秋冬,2022-07-18,373
Pop,郑润泽,十八点,十八点,2022-06-08,24005
Pop,郑润泽,十八点（伴奏）,十八点,2022-06-08,103
Pop,郑润泽,Goodbye,Goodbye,2022-04-15,21208
Pop,郑润泽,Goodbye（伴奏）,Goodbye,2022-04-15,654
Pop,郑润泽,小胡同,小胡同,2022-03-10,468991
Pop,郑润泽,小胡同（伴奏）,小胡同,2022-03-10,1074
Pop,郑润泽,余温,余温,2022-02-06,18239
Pop,郑润泽,余温（伴奏）,余温,2022-02-06,1088
Pop,郑润泽,解脱,解脱,2021-11-23,26150
Pop,郑润泽,午夜随笔2020,Colour,2020-07-14,3870
Pop,郑润泽,Bule,Bule,2020-04-06,3707
Pop,郑润泽,K.,Bule,2020-04-06,3457
Pop,郑润泽,Karma 1,Bule,2020-04-06,8803
Pop,郑润泽,没问题.,没问题,2020-01-25,5712
Pop,郑润泽,SOME TIME,没问题,2020-01-25,2786
Pop,郑润泽,你听,突发奇想,2019-09-09,4133
Pop,郑润泽,月没圆,突发奇想,2019-09-09,8993
Pop,郑润泽,break,突发奇想,2019-09-09,25843
Pop,郑润泽,原来,突发奇想,2019-09-09,9749
Pop,郑润泽,于是,于是,2018-08-21,1229611
Pop,郑润泽,于是伴奏.instrumental,于是,2018-08-21,993
Pop,陈粒,种种,十年自选,2025-09-25,1070
Pop,陈粒,如也,十年自选,2025-09-25,454
Pop,陈粒,性空山,十年自选,2025-09-25,367
Pop,陈粒,历历万乡,十年自选,2025-09-25,560
Pop,陈粒,五言,十年自选,2025-09-25,242
Pop,陈粒,绝对占有 相对自由,十年自选,2025-09-25,6892
Pop,陈粒,走马,十年自选,2025-09-25,2979
Pop,陈粒,易燃易爆炸,十年自选,2025-09-25,272
Pop,陈粒,难解风情,十年自选,2025-09-25,296
Pop,陈粒,不妙,十年自选,2025-09-25,1066
Pop,陈粒,怪情歌,十年自选,2025-09-25,350
Pop,陈粒,奇妙能力歌,十年自选,2025-09-25,1101
Pop,陈粒,庆祝,十年自选,2025-09-25,338
Pop,陈粒,无穷,十年自选,2025-09-25,200
Pop,陈粒,无尽,十年自选,2025-09-25,165
Pop,陈粒,妙龄童,十年自选,2025-09-25,2900
Pop,陈粒,不灭,十年自选,2025-09-25,380
Pop,陈粒,光,十年自选,2025-09-25,715
Pop,陈粒,留下,乌有乡地图,2024-07-26,2275
Pop,陈粒,乱,乌有乡地图,2024-07-26,1377
Pop,陈粒,戚夫人和司马迁,乌有乡地图,2024-07-26,730
Pop,陈粒,天黑了,乌有乡地图,2024-07-26,186
Pop,陈粒,在我的道路上,乌有乡地图,2024-07-26,128
Pop,陈粒,寒山子,乌有乡地图,2024-07-26,147
Pop,陈粒,冒着泡,乌有乡地图,2024-07-26,141
Pop,陈粒,海市蜃楼,乌有乡地图,2024-07-26,211
Pop,陈粒,一粒,乌有乡地图,2024-07-26,141
Pop,陈粒,分享,分享,2024-01-01,938
Pop,陈粒,无烟区,防沉迷,2023-07-26,2995
Pop,陈粒,飞松,防沉迷,2023-07-26,2429
Pop,陈粒,懒得,防沉迷,2023-07-26,559
Pop,陈粒,知洲,防沉迷,2023-07-26,2309
Pop,陈粒,有则抱抱无则笑笑,防沉迷,2023-07-26,858
Pop,陈粒,命中梦中无形无法,防沉迷,2023-07-26,573
Pop,陈粒,U。U,防沉迷,2023-07-26,2263
Pop,陈粒,泥丸,防沉迷,2023-07-26,602
Pop,陈粒,警告一次,防沉迷,2023-07-26,1569
Pop,陈粒,沉迷,防沉迷,2023-07-26,1964
Pop,陈粒,王刚,音乐肖像,2023-05-23,310
Pop,陈粒,谭谭面,音乐肖像,2023-05-23,299
Pop,陈粒,小素,音乐肖像,2023-05-23,166
Pop,陈粒,侯师傅,音乐肖像,2023-05-23,187
Pop,陈粒,白亦初,音乐肖像,2023-05-23,950
Pop,陈粒,德旷,音乐肖像,2023-05-23,106
Pop,陈粒,落音,音乐肖像,2023-05-23,118
Pop,陈粒,王若姗,音乐肖像,2023-05-23,236
Pop,陈粒,管艺,音乐肖像,2023-05-23,102
Pop,陈粒,核桃,音乐肖像,2023-05-23,56
Pop,陈粒,张洲,音乐肖像,2023-05-23,3346
Pop,陈粒,陈木莲,音乐肖像,2023-05-23,483
Pop,陈粒,日日 (Days),日日 (Days),2023-01-05,0
Pop,陈粒,飞越迷雾,中国人的故事,2022-02-17,0
Pop,陈粒,陈粒：感谢你们最温柔的坚持,中国人的故事,2022-02-17,0
Pop,陈粒,短歌,短歌,2020-10-13,3029
Pop,陈粒,且慢 (Live) (我是唱作人2第7期 Live),且慢 (Live) (我是唱作人2第7期 Live),2020-05-29,223
Pop,陈粒,远游 (Live) (我是唱作人2第6期 Live),远游 (Live) (我是唱作人2第6期 Live),2020-05-22,87
Pop,陈粒,剧烈（Live） (我是唱作人2第4期 Live),剧烈（Live） (我是唱作人2第4期 Live),2020-05-09,206
Pop,陈粒,空空（Live） (我是唱作人2第2期Live),空空（Live） (我是唱作人2第2期Live),2020-04-24,4429
Pop,陈粒,抱歉抱歉,抱歉抱歉,2020-04-17,624
Pop,陈粒,相亲相爱,相亲相爱,2020-01-01,3912
Pop,陈粒,地球巡逻小分队,地球巡逻小分队,2019-10-31,0
Pop,陈粒,有雾来,洄游,2019-07-26,238
Pop,陈粒,第七日,洄游,2019-07-26,111
Pop,陈粒,山水人物,洄游,2019-07-26,78
Pop,陈粒,蓝,洄游,2019-07-26,195
Pop,陈粒,美丽海,洄游,2019-07-26,245
Pop,陈粒,爱完不完,洄游,2019-07-26,2097
Pop,陈粒,飞白,洄游,2019-07-26,332
Pop,陈粒,下世纪见,洄游,2019-07-26,266
Pop,陈粒,超认真嬉戏,洄游,2019-07-26,349
Pop,陈粒,素日之死,洄游,2019-07-26,112
Pop,陈粒,群居生物,洄游,2019-07-26,446
Pop,陈粒,泛灵,洄游,2019-07-26,291
Pop,陈粒,Best Better Ever,Best Better Ever,2018-11-27,4237
Pop,陈粒,奇妙能力歌 (remix版),奇妙能力歌 (remix版),2018-08-29,8020
Pop,陈粒,研山图,研山图,2018-01-05,5903
Pop,队长,空白,空白,2024-05-22,16793
Pop,队长,一定会再见吧,一定会再见吧,2023-03-12,7764
Pop,队长,一定会再见吧 (伴奏),一定会再见吧,2023-03-12,116
Pop,队长,NUNA,NUNA,2022-08-15,41411
Pop,队长,NUNA (和声伴奏),NUNA,2022-08-15,525
Pop,队长,十三州府,十三州府,2022-03-13,27398
Pop,队长,十三州府 (伴奏),十三州府,2022-03-13,433
Pop,队长,十三州府 (和声伴奏),十三州府,2022-03-13,185
Pop,队长,11,11,2022-01-01,169197
Pop,队长,11 (伴奏),11,2022-01-01,1104
Pop,队长,保安日记,保安日记,2020-04-18,3590
Pop,队长,保安日记 伴奏,保安日记,2020-04-18,46
Pop,队长,DROWN,DROWN,2019-12-12,1159
Pop,队长,FXXKBOY2.0,DROWN,2019-12-12,1235
Pop,队长,我要把你摁在墙上,我要把你摁在墙上,2019-11-13,1595
Pop,队长,FXXKBOY,FXXKBOY,2019-08-30,1707
Pop,队长,末日情歌,末日情歌,2019-08-01,5050
Pop,队长,Lonely Man,Lonely Man,2019-07-07,1163
Pop,队长,自己的期待,自己的期待,2019-06-06,2895
Pop,队长,大宝贝儿,大宝贝儿,2019-01-30,602
Pop,队长,十一号公路,十一号公路,2018-07-17,795
Pop,队长,贪玩女孩,情歌王子,2018-06-18,1190
Pop,队长,第三个早晨,情歌王子,2018-06-18,1825
Pop,队长,特别的,特别的,2018-02-05,5089
Pop,裘德,红心收藏家,红心收藏家,2025-03-26,626
Pop,裘德,红心收藏家 (伴奏),红心收藏家,2025-03-26,4
Pop,裘德,新手,新手,2024-08-29,3328
Pop,裘德,新手（伴奏）,新手,2024-08-29,19
Pop,裘德,荔枝,一棵树所创造的,2024-05-21,5973
Pop,裘德,椰子船,一棵树所创造的,2024-05-21,1259
Pop,裘德,薛定谔果,一棵树所创造的,2024-05-21,920
Pop,裘德,荔枝（伴奏）,一棵树所创造的,2024-05-21,55
Pop,裘德,椰子船（伴奏）,一棵树所创造的,2024-05-21,103
Pop,裘德,薛定谔果（伴奏）,一棵树所创造的,2024-05-21,20
Pop,裘德,INTRO+游览指南  (Live),裘德「最后的水族馆」演唱会LIVE,2024-04-20,41
Pop,裘德,磁悬浮列车 (Live),裘德「最后的水族馆」演唱会LIVE,2024-04-20,29
Pop,裘德,水母银河 (Live),裘德「最后的水族馆」演唱会LIVE,2024-04-20,90
Pop,裘德,弟弟 (Live),裘德「最后的水族馆」演唱会LIVE,2024-04-20,211
Pop,裘德,老古董 (Live),裘德「最后的水族馆」演唱会LIVE,2024-04-20,79
Pop,裘德,仿生海龟 (Live),裘德「最后的水族馆」演唱会LIVE,2024-04-20,53
Pop,裘德,科学家 (Live),裘德「最后的水族馆」演唱会LIVE,2024-04-20,120
Pop,裘德,浮动的岛 (Live),裘德「最后的水族馆」演唱会LIVE,2024-04-20,75
Pop,裘德,荔枝 (Live),裘德「最后的水族馆」演唱会LIVE,2024-04-20,125
Pop,裘德,气温差 (Live),裘德「最后的水族馆」演唱会LIVE,2024-04-20,61
Pop,裘德,胖女孩 (Live),裘德「最后的水族馆」演唱会LIVE,2024-04-20,256
Pop,裘德,火之涂写 (Live),裘德「最后的水族馆」演唱会LIVE,2024-04-20,43
Pop,裘德,莫比乌斯号的船医 (Live),裘德「最后的水族馆」演唱会LIVE,2024-04-20,157
Pop,裘德,魔王 (Live),裘德「最后的水族馆」演唱会LIVE,2024-04-20,147
Pop,裘德,瑞贝卡 (Live),裘德「最后的水族馆」演唱会LIVE,2024-04-20,109
Pop,裘德,B级鲨鱼 (Live),裘德「最后的水族馆」演唱会LIVE,2024-04-20,89
Pop,裘德,街头艺术家 (Live),裘德「最后的水族馆」演唱会LIVE,2024-04-20,93
Pop,裘德,颁奖的时候我要缺席 (Live),裘德「最后的水族馆」演唱会LIVE,2024-04-20,134
Pop,裘德,昨晚我梦见我学会了游泳 (Live),裘德「最后的水族馆」演唱会LIVE,2024-04-20,132
Pop,裘德,浓缩蓝鲸 (Live),裘德「最后的水族馆」演唱会LIVE,2024-04-20,240
Pop,裘德,北海道恋人 (Live),裘德「最后的水族馆」演唱会LIVE,2024-04-20,194
Pop,裘德,最后的水族馆 (Live),裘德「最后的水族馆」演唱会LIVE,2024-04-20,183
Pop,裘德,流动2023,第三届HOPICO音乐奖 特别现场,2024-03-29,169
Pop,裘德,苔藓+平原,第三届HOPICO音乐奖 特别现场,2024-03-29,291
Pop,裘德,说唱+FMH,第三届HOPICO音乐奖 特别现场,2024-03-29,43
Pop,裘德,枕头下的宇宙+色盲,第三届HOPICO音乐奖 特别现场,2024-03-29,265
Pop,裘德,歌一切,第三届HOPICO音乐奖 特别现场,2024-03-29,273
Pop,裘德,海岸日记,未定义边界,2022-08-23,1171
Pop,裘德,月光少女,未定义边界,2022-08-23,2429
Pop,裘德,芍药信,未定义边界,2022-08-23,1940
Pop,裘德,Star-Crossed,未定义边界,2022-08-23,1086
Pop,裘德,待在我身边,未定义边界,2022-08-23,190
Pop,裘德,小丑先生我爱你,未定义边界,2022-08-23,259
Pop,裘德,走在天空中,未定义边界,2022-08-23,563
Pop,裘德,0107,未定义边界,2022-08-23,319
Pop,裘德,躺在枯萎的星云中,未定义边界,2022-08-23,245
Pop,裘德,迷,未定义边界,2022-08-23,4744
Pop,裘德,日日做梦（普通话版）,未定义边界,2022-08-23,193
Pop,裘德,肆无惧燥 X 裘德,肆无惧燥 X 裘德,2022-07-12,1164
Pop,裘德,肆无惧燥 X 裘德 (伴奏),肆无惧燥 X 裘德,2022-07-12,10
Pop,裘德,失败者的飞翔,得,2020-09-29,1023
Pop,裘德,十二楼,得,2020-09-29,714
Pop,裘德,我们都寂寞,得,2020-09-29,425
Pop,裘德,花样年华,得,2020-09-29,551
Pop,裘德,秋意浓,得,2020-09-29,1550
Pop,裘德,颁奖的时候我要缺席,颁奖的时候我要缺席,2019-12-20,2665
Pop,裘德,老古董,颁奖的时候我要缺席,2019-12-20,1173
Pop,裘德,瑞贝卡,颁奖的时候我要缺席,2019-12-20,3988
Pop,裘德,K先生,颁奖的时候我要缺席,2019-12-20,1662
Pop,裘德,莫比乌斯号的船医,颁奖的时候我要缺席,2019-12-20,6182
Pop,裘德,弟弟,颁奖的时候我要缺席,2019-12-20,1849
Pop,裘德,科学家,颁奖的时候我要缺席,2019-12-20,1425
Pop,裘德,黑乌鸦和少女,颁奖的时候我要缺席,2019-12-20,3832
Pop,裘德,北海道恋人,颁奖的时候我要缺席,2019-12-20,5757
Pop,裘德,街头艺术家,颁奖的时候我要缺席,2019-12-20,1501
Pop,裘德,颁奖的时候我要缺席（伴奏）,颁奖的时候我要缺席,2019-12-20,76
Pop,裘德,老古董（伴奏）,颁奖的时候我要缺席,2019-12-20,32
Pop,裘德,瑞贝卡（伴奏）,颁奖的时候我要缺席,2019-12-20,67
Pop,裘德,K先生（伴奏）,颁奖的时候我要缺席,2019-12-20,29
Pop,裘德,莫比乌斯号的船医（伴奏）,颁奖的时候我要缺席,2019-12-20,130
Pop,裘德,弟弟（伴奏）,颁奖的时候我要缺席,2019-12-20,21
Pop,裘德,科学家（伴奏）,颁奖的时候我要缺席,2019-12-20,21
Pop,裘德,黑乌鸦和少女（伴奏）,颁奖的时候我要缺席,2019-12-20,75
Pop,裘德,北海道恋人（伴奏）,颁奖的时候我要缺席,2019-12-20,70
Pop,裘德,街头艺术家（伴奏）,颁奖的时候我要缺席,2019-12-20,26
Pop,裘德,难追,难追,2018-10-27,1501
Pop,裘德,难追 伴奏,难追,2018-10-27,30
Pop,裘德,科幻男孩,科幻男孩,2018-08-21,1275
Pop,裘德,英雄结局,科幻男孩,2018-08-21,1608
Pop,裘德,大反派,科幻男孩,2018-08-21,527
Pop,裘德,科幻男孩（伴奏）,科幻男孩,2018-08-21,25
Pop,裘德,英雄结局（伴奏）,科幻男孩,2018-08-21,35
Pop,裘德,大反派（伴奏）,科幻男孩,2018-08-21,19
Pop,裘德,比利金,比利金,2018-06-25,897
Pop,裘德,比利金 伴奏,比利金,2018-06-25,18
Pop,李荣浩,纵横四海,纵横四海,2022-12-21,17738
Pop,李荣浩,我们好好的,纵横四海,2022-12-21,28057
Pop,李荣浩,山川,纵横四海,2022-12-21,17492
Pop,李荣浩,情人,纵横四海,2022-12-21,12038
Pop,李荣浩,对等关系,纵横四海,2022-12-21,29965
Pop,李荣浩,脱胎换骨,纵横四海,2022-12-21,21441
Pop,李荣浩,习惯晚睡,纵横四海,2022-12-21,13924
Pop,李荣浩,获奖人,纵横四海,2022-12-21,8879
Pop,李荣浩,乌梅子酱,纵横四海,2022-12-21,55348
Pop,李荣浩,也许是爱情,纵横四海,2022-12-21,3238
Pop,李荣浩,致敬勇士,致敬勇士,2021-10-27,0
Pop,李荣浩,致敬勇士 (伴奏),致敬勇士,2021-10-27,0
Pop,李荣浩,张家明和婉君,张家明和婉君,2018-09-17,293
Pop,李荣浩,王牌冤家,王牌冤家,2018-06-22,161
Pop,李荣浩,念念又不忘,王牌冤家,2018-06-22,109
Pop,赵雷,开往北京的火车（Live版),没有信号 LIVE,2024-11-22,2474
Pop,赵雷,小行迹（Live版),没有信号 LIVE,2024-11-22,8633
Pop,赵雷,我们的时光+彩虹下面（Live版),没有信号 LIVE,2024-11-22,2837
Pop,赵雷,梦中的哈德森（Live版),没有信号 LIVE,2024-11-22,1323
Pop,赵雷,成都（Live版),没有信号 LIVE,2024-11-22,1300
Pop,赵雷,船长（Live版),没有信号 LIVE,2024-11-22,3445
Pop,赵雷,鼓楼（Live版),没有信号 LIVE,2024-11-22,2429
Pop,赵雷,画（Live版),没有信号 LIVE,2024-11-22,958
Pop,赵雷,朵（Live版),没有信号 LIVE,2024-11-22,1962
Pop,赵雷,署前街少年（Live版),没有信号 LIVE,2024-11-22,2071
Pop,赵雷,不能自主（Live版),没有信号 LIVE,2024-11-22,1176
Pop,赵雷,我记得（Live版),没有信号 LIVE,2024-11-22,8228
Pop,赵雷,小人物,小人物,2019-12-18,24122
Pop,林俊杰,瞬间的瞬间,瞬间的瞬间,2025-09-15,4094
Pop,林俊杰,Intro,"JJ的咖啡调调, Vol. 1",2023-02-01,481
Pop,林俊杰,Too Bad,"JJ的咖啡调调, Vol. 1",2023-02-01,1502
Pop,林俊杰,身后,"JJ的咖啡调调, Vol. 1",2023-02-01,1963
Pop,林俊杰,想见你想见你想见你,"JJ的咖啡调调, Vol. 1",2023-02-01,4015
Pop,林俊杰,恨幸福来过,"JJ的咖啡调调, Vol. 1",2023-02-01,26183
Pop,林俊杰,慢慢喜欢你,"JJ的咖啡调调, Vol. 1",2023-02-01,1527
Pop,林俊杰,You Are The Reason,"JJ的咖啡调调, Vol. 1",2023-02-01,505
Pop,林俊杰,咖啡+交换余生,"JJ的咖啡调调, Vol. 1",2023-02-01,6117
Pop,林俊杰,圣所,"JJ的咖啡调调, Vol. 1",2023-02-01,1511
Pop,林俊杰,生生,"JJ的咖啡调调, Vol. 1",2023-02-01,1362
Pop,林俊杰,7千3百多天,7千3百多天,2022-11-01,6846
Pop,林俊杰,裹着心的光,裹着心的光,2021-06-09,45425
Pop,林俊杰,While I Can,Like You Do 如你,2021-04-23,2153
Pop,林俊杰,Like You Do,Like You Do 如你,2021-04-23,2386
Pop,林俊杰,Not Tonight,Like You Do 如你,2021-04-23,1097
Pop,林俊杰,All In Your Mind,Like You Do 如你,2021-04-23,1084
Pop,林俊杰,Head On,Like You Do 如你,2021-04-23,1155
Pop,林俊杰,Steady My Love,Like You Do 如你,2021-04-23,1417
Pop,林俊杰,Bedroom (feat. Anne-Marie),Like You Do 如你,2021-04-23,1790
Pop,林俊杰,Not Tonight (Tomorrow Sounds Good Steve Aoki Remix),Like You Do 如你,2021-04-23,1854
Pop,林俊杰,修炼爱情 (Jazz Version),感爵这一刻,2020-12-22,2269
Pop,林俊杰,伟大的渺小 (Jazz Version),感爵这一刻,2020-12-22,1629
Pop,林俊杰,交换余生,交换余生,2020-09-16,104892
Pop,林俊杰,Wonderland,Wonderland,2019-10-14,12559
Pop,林俊杰,将故事写成我们,将故事写成我们,2019-09-20,126589
Pop,林俊杰,SHOW THE WORLD,SHOW THE WORLD,2019-06-20,428
Pop,袁娅维TIA,OLD DAYS,OLD DAYS,2025-12-19,0
Pop,袁娅维TIA,岁月尘埃,子夜归 电视剧原声带,2025-08-20,0
Pop,袁娅维TIA,赦,子夜归 电视剧原声带,2025-08-20,0
Pop,袁娅维TIA,风止,子夜归 电视剧原声带,2025-08-20,0
Pop,袁娅维TIA,逆刃,子夜归 电视剧原声带,2025-08-20,0
Pop,袁娅维TIA,怦然,子夜归 电视剧原声带,2025-08-20,0
Pop,袁娅维TIA,不归客,子夜归 电视剧原声带,2025-08-20,0
Pop,袁娅维TIA,心悦,子夜归 电视剧原声带,2025-08-20,0
Pop,袁娅维TIA,入梦,子夜归 电视剧原声带,2025-08-20,0
Pop,袁娅维TIA,岁月尘埃 (伴奏),子夜归 电视剧原声带,2025-08-20,0
Pop,袁娅维TIA,赦 (伴奏),子夜归 电视剧原声带,2025-08-20,0
Pop,袁娅维TIA,风止 (伴奏),子夜归 电视剧原声带,2025-08-20,0
Pop,袁娅维TIA,逆刃 (伴奏),子夜归 电视剧原声带,2025-08-20,0
Pop,袁娅维TIA,怦然 (伴奏),子夜归 电视剧原声带,2025-08-20,0
Pop,袁娅维TIA,不归客 (伴奏),子夜归 电视剧原声带,2025-08-20,0
Pop,袁娅维TIA,心悦 (伴奏),子夜归 电视剧原声带,2025-08-20,0
Pop,袁娅维TIA,岁月尘埃 (和声伴奏),子夜归 电视剧原声带,2025-08-20,0
Pop,袁娅维TIA,赦 (和声伴奏),子夜归 电视剧原声带,2025-08-20,0
Pop,袁娅维TIA,风止 (和声伴奏),子夜归 电视剧原声带,2025-08-20,0
Pop,袁娅维TIA,逆刃 (和声伴奏),子夜归 电视剧原声带,2025-08-20,0
Pop,袁娅维TIA,怦然 (和声伴奏),子夜归 电视剧原声带,2025-08-20,0
Pop,袁娅维TIA,不归客 (和声伴奏),子夜归 电视剧原声带,2025-08-20,0
Pop,袁娅维TIA,心悦 (和声伴奏),子夜归 电视剧原声带,2025-08-20,0
Pop,袁娅维TIA,藏星,藏星,2025-05-21,0
Pop,袁娅维TIA,藏星 (伴奏),藏星,2025-05-21,0
Pop,袁娅维TIA,繁星,繁星,2024-09-30,221
Pop,袁娅维TIA,繁星(伴奏),繁星,2024-09-30,3
Pop,袁娅维TIA,繁星(和声伴奏),繁星,2024-09-30,1
Pop,袁娅维TIA,BORED,BORED,2023-12-21,0
Pop,袁娅维TIA,奉上,《一念关山》影视剧原声大碟,2023-11-28,43504
Pop,袁娅维TIA,一念关山,《一念关山》影视剧原声大碟,2023-11-28,1601
Pop,袁娅维TIA,立剑,《一念关山》影视剧原声大碟,2023-11-28,10678
Pop,袁娅维TIA,长醉,《一念关山》影视剧原声大碟,2023-11-28,436
Pop,袁娅维TIA,何故春回,《一念关山》影视剧原声大碟,2023-11-28,762
Pop,袁娅维TIA,半世风霜,《一念关山》影视剧原声大碟,2023-11-28,1484
Pop,袁娅维TIA,别梦寒,《一念关山》影视剧原声大碟,2023-11-28,31779
Pop,袁娅维TIA,长醉,《一念关山》影视剧原声大碟,2023-11-28,68
Pop,袁娅维TIA,风起云涌,《一念关山》影视剧原声大碟,2023-11-28,14
Pop,袁娅维TIA,六道堂主题·忠义,《一念关山》影视剧原声大碟,2023-11-28,36
Pop,袁娅维TIA,惊鸿一瞥,《一念关山》影视剧原声大碟,2023-11-28,51
Pop,袁娅维TIA,宁远舟·重掌,《一念关山》影视剧原声大碟,2023-11-28,100
Pop,袁娅维TIA,六道堂·天降五侠,《一念关山》影视剧原声大碟,2023-11-28,28
Pop,袁娅维TIA,爱·刻入心扉,《一念关山》影视剧原声大碟,2023-11-28,8
Pop,袁娅维TIA,爱·今夜月明,《一念关山》影视剧原声大碟,2023-11-28,14
Pop,袁娅维TIA,爱·不知秋思,《一念关山》影视剧原声大碟,2023-11-28,8
Pop,袁娅维TIA,江山万里,《一念关山》影视剧原声大碟,2023-11-28,15
Pop,袁娅维TIA,任辛·传说,《一念关山》影视剧原声大碟,2023-11-28,58
Pop,袁娅维TIA,似是故来人,《一念关山》影视剧原声大碟,2023-11-28,8
Pop,袁娅维TIA,六道堂·堂规,《一念关山》影视剧原声大碟,2023-11-28,5
Pop,袁娅维TIA,爱·远行的孤舟,《一念关山》影视剧原声大碟,2023-11-28,13
Pop,袁娅维TIA,爱·那个让我安心的人,《一念关山》影视剧原声大碟,2023-11-28,8
Pop,袁娅维TIA,爱·我们其实是一种人,《一念关山》影视剧原声大碟,2023-11-28,5
Pop,袁娅维TIA,六道堂·出征,《一念关山》影视剧原声大碟,2023-11-28,10
Pop,袁娅维TIA,天星峡之战·全团出击,《一念关山》影视剧原声大碟,2023-11-28,27
Pop,袁娅维TIA,天星峡之战·擒贼先擒王,《一念关山》影视剧原声大碟,2023-11-28,13
Pop,袁娅维TIA,天星峡之战·如意双刀,《一念关山》影视剧原声大碟,2023-11-28,14
Pop,袁娅维TIA,天星峡之战·大获全胜,《一念关山》影视剧原声大碟,2023-11-28,3
Pop,袁娅维TIA,朱衣卫·乱笛,《一念关山》影视剧原声大碟,2023-11-28,7
Pop,袁娅维TIA,章淞之请· 一步之遥,《一念关山》影视剧原声大碟,2023-11-28,5
Pop,袁娅维TIA,章淞之请·二意三心,《一念关山》影视剧原声大碟,2023-11-28,2
Pop,袁娅维TIA,章淞之请· 三思而行,《一念关山》影视剧原声大碟,2023-11-28,1
Pop,袁娅维TIA,舞·雪棠花,《一念关山》影视剧原声大碟,2023-11-28,18
Pop,袁娅维TIA,爱·晴夏,《一念关山》影视剧原声大碟,2023-11-28,4
Pop,袁娅维TIA,六道堂主题·情义,《一念关山》影视剧原声大碟,2023-11-28,19
Pop,袁娅维TIA,相逢何必曾相识,《一念关山》影视剧原声大碟,2023-11-28,17
Pop,袁娅维TIA,爱·冬至,《一念关山》影视剧原声大碟,2023-11-28,2
Pop,袁娅维TIA,公主的心事,《一念关山》影视剧原声大碟,2023-11-28,9
Pop,袁娅维TIA,爱·沁入心扉,《一念关山》影视剧原声大碟,2023-11-28,7
Pop,袁娅维TIA,六道堂·一往无前,《一念关山》影视剧原声大碟,2023-11-28,4
Pop,袁娅维TIA,你好，我是于十三,《一念关山》影视剧原声大碟,2023-11-28,31
Pop,袁娅维TIA,不亦乐乎,《一念关山》影视剧原声大碟,2023-11-28,8
Pop,袁娅维TIA,我一定让你心想事成,《一念关山》影视剧原声大碟,2023-11-28,14
Pop,袁娅维TIA,初月·女大十八变,《一念关山》影视剧原声大碟,2023-11-28,7
Pop,袁娅维TIA,暗箭齐发,《一念关山》影视剧原声大碟,2023-11-28,2
Pop,袁娅维TIA,合县之战·剑拔弩张,《一念关山》影视剧原声大碟,2023-11-28,2
Pop,袁娅维TIA,烧了吧,《一念关山》影视剧原声大碟,2023-11-28,6
Pop,袁娅维TIA,天星峡大战·背水一战,《一念关山》影视剧原声大碟,2023-11-28,4
Pop,袁娅维TIA,不可饶恕,《一念关山》影视剧原声大碟,2023-11-28,5
Pop,袁娅维TIA,同心蝶,《一念关山》影视剧原声大碟,2023-11-28,5
Pop,袁娅维TIA,心觉,《一念关山》影视剧原声大碟,2023-11-28,4
Pop,袁娅维TIA,朱衣卫·八弦,《一念关山》影视剧原声大碟,2023-11-28,3
Pop,袁娅维TIA,初月·沙西之光,《一念关山》影视剧原声大碟,2023-11-28,2
Pop,袁娅维TIA,有点悟性,《一念关山》影视剧原声大碟,2023-11-28,3
Pop,袁娅维TIA,高看你一眼,《一念关山》影视剧原声大碟,2023-11-28,2
Pop,袁娅维TIA,属犬的,《一念关山》影视剧原声大碟,2023-11-28,3
Pop,袁娅维TIA,爱·秋缘,《一念关山》影视剧原声大碟,2023-11-28,10
Pop,袁娅维TIA,公主的眼泪,《一念关山》影视剧原声大碟,2023-11-28,2
Pop,袁娅维TIA,生死两茫茫,《一念关山》影视剧原声大碟,2023-11-28,3
Pop,袁娅维TIA,爱·沐春风,《一念关山》影视剧原声大碟,2023-11-28,3
Pop,袁娅维TIA,苍白的尘土,《一念关山》影视剧原声大碟,2023-11-28,1
Pop,袁娅维TIA,六道堂·憾,《一念关山》影视剧原声大碟,2023-11-28,19
Pop,袁娅维TIA,六道堂·手足情深,《一念关山》影视剧原声大碟,2023-11-28,6
Pop,袁娅维TIA,奉上 (伴奏),《一念关山》影视剧原声大碟,2023-11-28,70
Pop,袁娅维TIA,一念关山 (伴奏),《一念关山》影视剧原声大碟,2023-11-28,8
Pop,袁娅维TIA,立剑 (伴奏),《一念关山》影视剧原声大碟,2023-11-28,60
Pop,袁娅维TIA,长醉 (伴奏),《一念关山》影视剧原声大碟,2023-11-28,10
Pop,袁娅维TIA,何故春回 (伴奏),《一念关山》影视剧原声大碟,2023-11-28,9
Pop,袁娅维TIA,半世风霜 (伴奏),《一念关山》影视剧原声大碟,2023-11-28,16
Pop,袁娅维TIA,别梦寒 (伴奏),《一念关山》影视剧原声大碟,2023-11-28,107
Pop,袁娅维TIA,长醉 (伴奏),《一念关山》影视剧原声大碟,2023-11-28,4
Pop,袁娅维TIA,不忘,电视剧《九义人》原声带,2023-09-20,1311
Pop,袁娅维TIA,长鸣,电视剧《九义人》原声带,2023-09-20,155
Pop,袁娅维TIA,长鸣 (哼唱版),电视剧《九义人》原声带,2023-09-20,18
Pop,袁娅维TIA,序,电视剧《九义人》原声带,2023-09-20,42
Pop,袁娅维TIA,烟云绣楼之孟宛,电视剧《九义人》原声带,2023-09-20,4
Pop,袁娅维TIA,学堂的惬意,电视剧《九义人》原声带,2023-09-20,4
Pop,袁娅维TIA,翩翩之吴先生,电视剧《九义人》原声带,2023-09-20,2
Pop,袁娅维TIA,九义人,电视剧《九义人》原声带,2023-09-20,6
Pop,袁娅维TIA,绣楼女性的命运,电视剧《九义人》原声带,2023-09-20,3
Pop,袁娅维TIA,梦,电视剧《九义人》原声带,2023-09-20,1
Pop,袁娅维TIA,如兰,电视剧《九义人》原声带,2023-09-20,14
Pop,袁娅维TIA,怨,电视剧《九义人》原声带,2023-09-20,2
Pop,袁娅维TIA,疑云,电视剧《九义人》原声带,2023-09-20,1
Pop,袁娅维TIA,悲情,电视剧《九义人》原声带,2023-09-20,3
Pop,袁娅维TIA,烟雨绣楼,电视剧《九义人》原声带,2023-09-20,2
Pop,袁娅维TIA,风尘,电视剧《九义人》原声带,2023-09-20,2
Pop,袁娅维TIA,吴廉,电视剧《九义人》原声带,2023-09-20,1
Pop,袁娅维TIA,至暗,电视剧《九义人》原声带,2023-09-20,3
Pop,袁娅维TIA,宿命,电视剧《九义人》原声带,2023-09-20,2
Pop,袁娅维TIA,不从,电视剧《九义人》原声带,2023-09-20,0
Pop,袁娅维TIA,义士,电视剧《九义人》原声带,2023-09-20,0
Pop,袁娅维TIA,光,电视剧《九义人》原声带,2023-09-20,2
Pop,袁娅维TIA,危机与真相,电视剧《九义人》原声带,2023-09-20,0
Pop,袁娅维TIA,复仇,电视剧《九义人》原声带,2023-09-20,1
Pop,袁娅维TIA,忆,电视剧《九义人》原声带,2023-09-20,1
Pop,袁娅维TIA,花的季节,电视剧《九义人》原声带,2023-09-20,3
Pop,袁娅维TIA,过往,电视剧《九义人》原声带,2023-09-20,3
Pop,袁娅维TIA,不忘 (伴奏),电视剧《九义人》原声带,2023-09-20,6
Pop,袁娅维TIA,长鸣 (伴奏),电视剧《九义人》原声带,2023-09-20,7
Pop,袁娅维TIA,长鸣 (哼唱版伴奏),电视剧《九义人》原声带,2023-09-20,2
Pop,袁娅维TIA,玉骨遥,玉骨遥 影视原声专辑,2023-07-10,1755
Pop,袁娅维TIA,许我一生,玉骨遥 影视原声专辑,2023-07-10,588
Pop,袁娅维TIA,诉衷情,玉骨遥 影视原声专辑,2023-07-10,684
Pop,袁娅维TIA,倾许,玉骨遥 影视原声专辑,2023-07-10,460
Pop,袁娅维TIA,梦回,玉骨遥 影视原声专辑,2023-07-10,158
Pop,袁娅维TIA,我心似你,玉骨遥 影视原声专辑,2023-07-10,361
Pop,袁娅维TIA,奈何,玉骨遥 影视原声专辑,2023-07-10,363
Pop,袁娅维TIA,此爱,玉骨遥 影视原声专辑,2023-07-10,263
Pop,袁娅维TIA,影法,玉骨遥 影视原声专辑,2023-07-10,29
Pop,袁娅维TIA,颜寻,玉骨遥 影视原声专辑,2023-07-10,12
Pop,袁娅维TIA,九嶷,玉骨遥 影视原声专辑,2023-07-10,9
Pop,袁娅维TIA,望星,玉骨遥 影视原声专辑,2023-07-10,17
Pop,袁娅维TIA,斗法,玉骨遥 影视原声专辑,2023-07-10,3
Pop,袁娅维TIA,霍图,玉骨遥 影视原声专辑,2023-07-10,9
Pop,袁娅维TIA,鲛人,玉骨遥 影视原声专辑,2023-07-10,4
Pop,袁娅维TIA,成结,玉骨遥 影视原声专辑,2023-07-10,7
Pop,袁娅维TIA,笃心,玉骨遥 影视原声专辑,2023-07-10,4
Pop,袁娅维TIA,命劫,玉骨遥 影视原声专辑,2023-07-10,4
Pop,袁娅维TIA,灵境,玉骨遥 影视原声专辑,2023-07-10,3
Pop,袁娅维TIA,情舛,玉骨遥 影视原声专辑,2023-07-10,15
Pop,袁娅维TIA,温暖,玉骨遥 影视原声专辑,2023-07-10,4
Pop,袁娅维TIA,修炼,玉骨遥 影视原声专辑,2023-07-10,2
Pop,袁娅维TIA,玉骨,玉骨遥 影视原声专辑,2023-07-10,85
Pop,袁娅维TIA,冰族,玉骨遥 影视原声专辑,2023-07-10,2
Pop,袁娅维TIA,大司命,玉骨遥 影视原声专辑,2023-07-10,2
Pop,袁娅维TIA,黑衣刺客,玉骨遥 影视原声专辑,2023-07-10,2
Pop,袁娅维TIA,恨意,玉骨遥 影视原声专辑,2023-07-10,3
Pop,袁娅维TIA,可爱萌宠穷奇,玉骨遥 影视原声专辑,2023-07-10,7
Pop,袁娅维TIA,奇幻搞笑悬疑,玉骨遥 影视原声专辑,2023-07-10,3
Pop,袁娅维TIA,抢玉骨,玉骨遥 影视原声专辑,2023-07-10,2
Pop,袁娅维TIA,轻松情感,玉骨遥 影视原声专辑,2023-07-10,2
Pop,袁娅维TIA,穷奇追杀,玉骨遥 影视原声专辑,2023-07-10,2
Pop,袁娅维TIA,身世,玉骨遥 影视原声专辑,2023-07-10,0
Pop,袁娅维TIA,生而为鸟,玉骨遥 影视原声专辑,2023-07-10,4
Pop,袁娅维TIA,时影,玉骨遥 影视原声专辑,2023-07-10,29
Pop,袁娅维TIA,萤火虫,玉骨遥 影视原声专辑,2023-07-10,39
Pop,袁娅维TIA,朱颜异域,玉骨遥 影视原声专辑,2023-07-10,2
Pop,袁娅维TIA,暗藏玄机,玉骨遥 影视原声专辑,2023-07-10,2
Pop,袁娅维TIA,焰火,点燃我，温暖你 影视原声专辑,2022-11-07,2324
Pop,袁娅维TIA,国王与骑士,点燃我，温暖你 影视原声专辑,2022-11-07,623
Pop,袁娅维TIA,Falling You,点燃我，温暖你 影视原声专辑,2022-11-07,5493
Pop,袁娅维TIA,谎,点燃我，温暖你 影视原声专辑,2022-11-07,422
Pop,袁娅维TIA,恋爱循环,点燃我，温暖你 影视原声专辑,2022-11-07,852
Pop,袁娅维TIA,轻红,点燃我，温暖你 影视原声专辑,2022-11-07,234
Pop,袁娅维TIA,轻红,点燃我，温暖你 影视原声专辑,2022-11-07,91
Pop,袁娅维TIA,Left Unsaid,点燃我，温暖你 影视原声专辑,2022-11-07,251
Pop,袁娅维TIA,If You Are The One,点燃我，温暖你 影视原声专辑,2022-11-07,98
Pop,袁娅维TIA,真实的李峋,点燃我，温暖你 影视原声专辑,2022-11-07,241
Pop,袁娅维TIA,如果是你,点燃我，温暖你 影视原声专辑,2022-11-07,26
Pop,袁娅维TIA,封存的过去,点燃我，温暖你 影视原声专辑,2022-11-07,26
Pop,袁娅维TIA,应有的温暖,点燃我，温暖你 影视原声专辑,2022-11-07,33
Pop,袁娅维TIA,一切最初的模样,点燃我，温暖你 影视原声专辑,2022-11-07,15
Pop,袁娅维TIA,雪中的拥抱,点燃我，温暖你 影视原声专辑,2022-11-07,57
Pop,袁娅维TIA,女生宿舍,点燃我，温暖你 影视原声专辑,2022-11-07,15
Pop,袁娅维TIA,这个人怎么怪怪的,点燃我，温暖你 影视原声专辑,2022-11-07,26
Pop,袁娅维TIA,幻想太美好,点燃我，温暖你 影视原声专辑,2022-11-07,11
Pop,袁娅维TIA,不可能忘记,点燃我，温暖你 影视原声专辑,2022-11-07,58
Pop,袁娅维TIA,彼岸,彼岸,2022-11-05,310
Pop,袁娅维TIA,皆你,她们的名字 电视剧原声带,2022-09-26,47
Pop,袁娅维TIA,她们的名字,她们的名字 电视剧原声带,2022-09-26,37
Pop,袁娅维TIA,真我,她们的名字 电视剧原声带,2022-09-26,22
Pop,袁娅维TIA,Always,她们的名字 电视剧原声带,2022-09-26,10
Pop,袁娅维TIA,与别人无关,她们的名字 电视剧原声带,2022-09-26,84
Pop,袁娅维TIA,能不能,她们的名字 电视剧原声带,2022-09-26,6
Pop,袁娅维TIA,回忆这把枪,她们的名字 电视剧原声带,2022-09-26,45
Pop,袁娅维TIA,浪漫蒂克,她们的名字 电视剧原声带,2022-09-26,713
Pop,袁娅维TIA,皆你 (伴奏),她们的名字 电视剧原声带,2022-09-26,1
Pop,袁娅维TIA,她们的名字 (伴奏),她们的名字 电视剧原声带,2022-09-26,2
Pop,袁娅维TIA,真我 (伴奏),她们的名字 电视剧原声带,2022-09-26,1
Pop,袁娅维TIA,Always (伴奏),她们的名字 电视剧原声带,2022-09-26,1
Pop,袁娅维TIA,与别人无关 (伴奏),她们的名字 电视剧原声带,2022-09-26,9
Pop,袁娅维TIA,能不能 (伴奏),她们的名字 电视剧原声带,2022-09-26,0
Pop,袁娅维TIA,回忆这把枪 (伴奏),她们的名字 电视剧原声带,2022-09-26,3
Pop,袁娅维TIA,浪漫蒂克 (伴奏),她们的名字 电视剧原声带,2022-09-26,28
Pop,袁娅维TIA,日落海湾,日落海湾,2022-09-22,1193
Pop,袁娅维TIA,明日战记,明日战记,2022-08-06,2894
Pop,袁娅维TIA,明日战记（伴奏）,明日战记,2022-08-06,100
Pop,袁娅维TIA,我们,我们,2022-07-27,1532
Pop,袁娅维TIA,我们 (伴奏),我们,2022-07-27,18
Pop,袁娅维TIA,我们都是这样长大的,我们都是这样长大的 (粤好听•青春重置计划特别篇),2022-07-05,76
Pop,袁娅维TIA,我们都是这样长大的 (伴奏),我们都是这样长大的 (粤好听•青春重置计划特别篇),2022-07-05,1
Pop,袁娅维TIA,It Isn't Me (with KSHMR),It Isn't Me (with KSHMR),2022-04-15,1569
Pop,袁娅维TIA,From Here,From Here,2021-12-24,524
Pop,袁娅维TIA,From Here (伴奏),From Here,2021-12-24,7
Pop,袁娅维TIA,因为有你,因为有你,2021-06-11,411
Pop,袁娅维TIA,因为有你 (伴奏),因为有你,2021-06-11,6
Pop,袁娅维TIA,FIGHTERS,Artery Gear,2021-05-29,1036
Pop,袁娅维TIA,Save Your Faith,Artery Gear,2021-05-29,279
Pop,袁娅维TIA,Satellites,Artery Gear,2021-05-29,480
Pop,袁娅维TIA,爱上优萃,爱上优萃,2021-05-28,1163
Pop,袁娅维TIA,爱上优萃,爱上优萃,2021-05-28,89
Pop,袁娅维TIA,NOT PHYCHO,MYSTERY TOY BOX,2021-03-17,2472
Pop,袁娅维TIA,"花,太阳,彩虹,你",MYSTERY TOY BOX,2021-03-17,50476
Pop,袁娅维TIA,Beautiful Life,MYSTERY TOY BOX,2021-03-17,1355
Pop,袁娅维TIA,一起去旅行,MYSTERY TOY BOX,2021-03-17,3080
Pop,袁娅维TIA,"Like this,Like da",MYSTERY TOY BOX,2021-03-17,1744
Pop,袁娅维TIA,Stone Heart,MYSTERY TOY BOX,2021-03-17,4433
Pop,袁娅维TIA,换季（Bonus Track）,MYSTERY TOY BOX,2021-03-17,1390
Pop,袁娅维TIA,Bonus Track,MYSTERY TOY BOX,2021-03-17,1081
Pop,袁娅维TIA,听见日出,听见日出,2021-02-08,608
Pop,袁娅维TIA,Be The Legend,Be The Legend,2020-12-11,51
Pop,袁娅维TIA,消失的爱人 (Live),"TME live:袁娅维""Ready For Love""线上音乐会",2020-05-27,0
Pop,袁娅维TIA,Love Can Fly (Live),"TME live:袁娅维""Ready For Love""线上音乐会",2020-05-27,0
Pop,袁娅维TIA,我爱 (Live),"TME live:袁娅维""Ready For Love""线上音乐会",2020-05-27,0
Pop,袁娅维TIA,流花Love Herby (Live),"TME live:袁娅维""Ready For Love""线上音乐会",2020-05-27,0
Pop,袁娅维TIA,时间不解释 (Live),"TME live:袁娅维""Ready For Love""线上音乐会",2020-05-27,0
Pop,袁娅维TIA,遇上爱的可是我 (Live),"TME live:袁娅维""Ready For Love""线上音乐会",2020-05-27,0
Pop,袁娅维TIA,浪漫主义 (Live),"TME live:袁娅维""Ready For Love""线上音乐会",2020-05-27,0
Pop,袁娅维TIA,True Love (Live),"TME live:袁娅维""Ready For Love""线上音乐会",2020-05-27,0
Pop,袁娅维TIA,不同凡想 (Live),"TME live:袁娅维""Ready For Love""线上音乐会",2020-05-27,0
Pop,袁娅维TIA,不亏不欠 (Live),"TME live:袁娅维""Ready For Love""线上音乐会",2020-05-27,0
Pop,袁娅维TIA,旅行中忘记 (Live),"TME live:袁娅维""Ready For Love""线上音乐会",2020-05-27,0
Pop,袁娅维TIA,阿楚姑娘 (Live),"TME live:袁娅维""Ready For Love""线上音乐会",2020-05-27,0
Pop,袁娅维TIA,我爱,1212,2019-12-12,4697
Pop,袁娅维TIA,呃,1212,2019-12-12,2038
Pop,袁娅维TIA,不亏不欠,1212,2019-12-12,11668
Pop,袁娅维TIA,时间不解释,1212,2019-12-12,2414
Pop,袁娅维TIA,遇上爱的可是我,1212,2019-12-12,1526
Pop,袁娅维TIA,来,1212,2019-12-12,1668
Pop,袁娅维TIA,我爱 (伴奏),1212,2019-12-12,122
Pop,袁娅维TIA,呃 (伴奏),1212,2019-12-12,45
Pop,袁娅维TIA,不亏不欠 (伴奏),1212,2019-12-12,58
Pop,袁娅维TIA,时间不解释 (伴奏),1212,2019-12-12,27
Pop,袁娅维TIA,遇上爱的可是我 (伴奏),1212,2019-12-12,26
Pop,袁娅维TIA,来 (伴奏),1212,2019-12-12,41
Pop,袁娅维TIA,我们,我们,2019-10-05,7125
Pop,袁娅维TIA,我们 (伴奏),我们,2019-10-05,41
Pop,袁娅维TIA,NO WHY,NO WHY,2019-02-20,10705
Pop,袁娅维TIA,别废话,别废话,2018-04-01,41
Pop,袁娅维TIA,无所畏惧,无所畏惧,2018-02-02,1684
Pop,袁娅维TIA,无所畏惧 (伴奏),无所畏惧,2018-02-02,50
Pop,方大同,XZMHXDXH,梦想家 The Dreamer,2024-10-18,7156
Pop,方大同,江湖中人,梦想家 The Dreamer,2024-10-18,3880
Pop,方大同,GF,梦想家 The Dreamer,2024-10-18,3260
Pop,方大同,Tango,梦想家 The Dreamer,2024-10-18,3043
Pop,方大同,才二十三,梦想家 The Dreamer,2024-10-18,151645
Pop,方大同,谁知爱是什么,梦想家 The Dreamer,2024-10-18,10884
Pop,方大同,我不是农人,梦想家 The Dreamer,2024-10-18,17497
Pop,方大同,那沙漠里的水,梦想家 The Dreamer,2024-10-18,10179
Pop,方大同,回留,梦想家 The Dreamer,2024-10-18,68604
Pop,方大同,没啥好说,梦想家 The Dreamer,2024-10-18,14540
Pop,方大同,清楚点,清楚点,2022-04-14,3046
Pop,方大同,The Secret of The Golden Bricks,Emi The Dream Catcher,2018-07-13,5855
Pop,方大同,Saving Snowy,Emi The Dream Catcher,2018-07-13,902
Pop,方大同,The Tree of Life,Emi The Dream Catcher,2018-07-13,1833
Pop,万妮达,N.E.W.,N.E.W.,2025-06-02,6982
Pop,万妮达,High & Low,少年宫 Vol. 3,2024-11-29,31
Pop,万妮达,嗲嗲 (feat. 万妮达 & Joeboy),少年宫 Vol. 3,2024-11-29,2372
Pop,万妮达,唤醒我,七号种子,2024-11-15,1240
Pop,万妮达,七号种子,七号种子,2024-11-15,1086
Pop,万妮达,杀死恐惧,七号种子,2024-11-15,1139
Pop,万妮达,所有人都要跟着唱,七号种子,2024-11-15,1286
Pop,万妮达,极乐鸟,七号种子,2024-11-15,1297
Pop,万妮达,拓金,七号种子,2024-11-15,1310
Pop,万妮达,前进 Marching,七号种子,2024-11-15,6801
Pop,万妮达,平安的一刻,七号种子,2024-11-15,370
Pop,万妮达,明天不是世界末日 OngMa,七号种子,2024-11-15,1627
Pop,万妮达,回家吧 Can You Hear Me,七号种子,2024-11-15,1149
Pop,万妮达,忙忙碌碌寻宝藏,忙忙碌碌寻宝藏,2024-07-26,768
Pop,万妮达,忙忙碌碌寻宝藏 (伴奏),忙忙碌碌寻宝藏,2024-07-26,433
Pop,万妮达,阳光男孩阳光女孩2023,阳光男孩阳光女孩2023,2023-12-16,61922
Pop,万妮达,唯你何求Give Me All I Wish,唯你何求Give Me All I Wish,2023-01-28,1448
Pop,万妮达,Location,ONE LIFE ONLY,2022-09-12,1785
Pop,万妮达,Temptation,ONE LIFE ONLY,2022-09-12,1188
Pop,万妮达,Dumo,ONE LIFE ONLY,2022-09-12,692
Pop,万妮达,If I Lie,ONE LIFE ONLY,2022-09-12,1118
Pop,万妮达,ONE9ONLY,ONE LIFE ONLY,2022-09-12,1789
Pop,万妮达,Talk To Me,ONE LIFE ONLY,2022-09-12,1121
Pop,万妮达,MoJiaDai,ONE LIFE ONLY,2022-09-12,718
Pop,万妮达,Dumo,Dumo,2022-06-22,2792
Pop,万妮达,MoJiaDai,Dumo,2022-06-22,6308
Pop,万妮达,行于水,行于水,2022-01-25,1011
Pop,万妮达,Love Is Blind 真爱盲目,Love Is Blind 真爱盲目,2021-01-18,272
Pop,万妮达,永不停息Never Say Never (Live),永不停息Never Say Never (Live),2020-06-12,45
Pop,万妮达,FM59.1,SOLO独行者,2018-12-28,75
Pop,万妮达,带你,SOLO独行者,2018-12-28,347
Pop,万妮达,Solo,SOLO独行者,2018-12-28,1157
Pop,万妮达,煎蛋,SOLO独行者,2018-12-28,145
Pop,万妮达,Weekend,SOLO独行者,2018-12-28,138
Pop,万妮达,主角,SOLO独行者,2018-12-28,146
Pop,万妮达,千金,SOLO独行者,2018-12-28,374
Pop,万妮达,4U,SOLO独行者,2018-12-28,3987
Pop,万妮达,不死不朽Immortal (Interlude),SOLO独行者,2018-12-28,171
Pop,万妮达,Me And Myself,SOLO独行者,2018-12-28,118
Pop,万妮达,Angel Said,SOLO独行者,2018-12-28,2595
Pop,万妮达,Skit,SOLO独行者,2018-12-28,42
Pop,万妮达,血月BLOOD MOON,SOLO独行者,2018-12-28,1013
Pop,余佳运,奇迹,《祈今朝》影视剧原声大碟,2024-01-19,4136
Pop,余佳运,共鸣,《祈今朝》影视剧原声大碟,2024-01-19,20795
Pop,余佳运,一生一念,《祈今朝》影视剧原声大碟,2024-01-19,3426
Pop,余佳运,寻,《祈今朝》影视剧原声大碟,2024-01-19,1100
Pop,余佳运,盼,《祈今朝》影视剧原声大碟,2024-01-19,1608
Pop,余佳运,抵达时间的尽头,《祈今朝》影视剧原声大碟,2024-01-19,4328
Pop,余佳运,祈,《祈今朝》影视剧原声大碟,2024-01-19,1564
Pop,余佳运,爱随风起,《祈今朝》影视剧原声大碟,2024-01-19,1519
Pop,余佳运,换,《祈今朝》影视剧原声大碟,2024-01-19,16831
Pop,余佳运,无期,《祈今朝》影视剧原声大碟,2024-01-19,357
Pop,余佳运,盼 (伴奏),《祈今朝》影视剧原声大碟,2024-01-19,280
Pop,余佳运,抵达时间的尽头 (伴奏),《祈今朝》影视剧原声大碟,2024-01-19,412
Pop,余佳运,祈 (伴奏),《祈今朝》影视剧原声大碟,2024-01-19,169
Pop,余佳运,爱随风起 (伴奏),《祈今朝》影视剧原声大碟,2024-01-19,11
Pop,余佳运,换 (伴奏),《祈今朝》影视剧原声大碟,2024-01-19,179
Pop,余佳运,无期 (伴奏),《祈今朝》影视剧原声大碟,2024-01-19,18
Pop,余佳运,Are We Cool？,21世纪柔情浪潮,2024-01-13,1665
Pop,余佳运,2000km,21世纪柔情浪潮,2024-01-13,2007
Pop,余佳运,反正不能重来,21世纪柔情浪潮,2024-01-13,1260
Pop,余佳运,逃,21世纪柔情浪潮,2024-01-13,221
Pop,余佳运,Let Me Know,21世纪柔情浪潮,2024-01-13,364
Pop,余佳运,拥着你,21世纪柔情浪潮,2024-01-13,480
Pop,余佳运,虚幻宇宙,21世纪柔情浪潮,2024-01-13,252
Pop,余佳运,奇观,21世纪柔情浪潮,2024-01-13,6602
Pop,余佳运,what do you say,21世纪柔情浪潮,2024-01-13,7149
Pop,余佳运,邂逅一夏,"You, Dear",2022-09-06,5139
Pop,余佳运,梦到你,"You, Dear",2022-09-06,9254
Pop,余佳运,Fall,"You, Dear",2022-09-06,913
Pop,余佳运,My World,"You, Dear",2022-09-06,1257
Pop,余佳运,好巧，我也失眠,"You, Dear",2022-09-06,5114
Pop,余佳运,邂逅一夏 (和声伴奏),"You, Dear",2022-09-06,127
Pop,余佳运,梦到你 (和声伴奏),"You, Dear",2022-09-06,645
Pop,余佳运,FALL (和声伴奏),"You, Dear",2022-09-06,31
Pop,余佳运,My World (和声伴奏),"You, Dear",2022-09-06,72
Pop,余佳运,好巧，我也失眠 (和声伴奏),"You, Dear",2022-09-06,52
Pop,余佳运,陪你,陪你,2022-01-30,0
Pop,余佳运,陪你 (伴奏),陪你,2022-01-30,0
Pop,余佳运,周璇,站在漩涡中心,2021-04-23,264
Pop,余佳运,大人梦,站在漩涡中心,2021-04-23,318
Pop,余佳运,我过得，还不错,站在漩涡中心,2021-04-23,125
Pop,余佳运,上一个雨天,站在漩涡中心,2021-04-23,445
Pop,余佳运,一个人多久了,站在漩涡中心,2021-04-23,237
Pop,余佳运,你不在,站在漩涡中心,2021-04-23,112
Pop,余佳运,I Just Want To Stay With You,I Just Want To Stay With You,2020-07-08,0
Pop,余佳运,女人花,YUN,2020-06-22,4613
Pop,余佳运,你要的爱,YUN,2020-06-22,8154
Pop,余佳运,真爱你的云,YUN,2020-06-22,4141
Pop,余佳运,六月的雨,YUN,2020-06-22,4419
Pop,余佳运,天天,YUN,2020-06-22,24242
Pop,余佳运,INTRO,余佳运 SINCE 1994,2019-09-02,682
Pop,余佳运,有些人,余佳运 SINCE 1994,2019-09-02,1764
Pop,余佳运,一个,余佳运 SINCE 1994,2019-09-02,6887
Pop,余佳运,Burn It Out,余佳运 SINCE 1994,2019-09-02,2201
Pop,余佳运,导航,余佳运 SINCE 1994,2019-09-02,6952
Pop,余佳运,LOSE,余佳运 SINCE 1994,2019-09-02,2611
Pop,余佳运,填满,余佳运 SINCE 1994,2019-09-02,3061
Pop,余佳运,唱情歌,余佳运 SINCE 1994,2019-09-02,8704
Pop,余佳运,发火,余佳运 SINCE 1994,2019-09-02,4474
Pop,余佳运,质量,余佳运 SINCE 1994,2019-09-02,2481
Pop,余佳运,失态,余佳运 SINCE 1994,2019-09-02,2082
Pop,余佳运,距离,余佳运 SINCE 1994,2019-09-02,8979
Pop,余佳运,九月底,九月底,2018-11-20,97496
Pop,余佳运,了解(Knowing),了解(Knowing),2018-10-04,14784
Pop,余佳运,最好的朋友在身边,最好的朋友在身边,2018-08-14,5210
Pop,余佳运,奥特曼（Ultraman）,奥特曼（Ultraman）,2018-03-26,7573
Pop,杨和苏KeyNG,冬眠,冬眠,2026-02-13,3896
Pop,杨和苏KeyNG,狼群的规矩,捕风追影 影视原声专辑,2025-08-18,0
Pop,杨和苏KeyNG,Escalate,捕风追影 影视原声专辑,2025-08-18,0
Pop,杨和苏KeyNG,狼群的规矩 (伴奏),捕风追影 影视原声专辑,2025-08-18,0
Pop,杨和苏KeyNG,Escalate (伴奏),捕风追影 影视原声专辑,2025-08-18,0
Pop,杨和苏KeyNG,狼群的规矩 (和声伴奏),捕风追影 影视原声专辑,2025-08-18,0
Pop,杨和苏KeyNG,告别,旷野,2025-02-27,1498
Pop,杨和苏KeyNG,超人,旷野,2025-02-27,32205
Pop,杨和苏KeyNG,染缸,旷野,2025-02-27,15791
Pop,杨和苏KeyNG,一回事,旷野,2025-02-27,1480
Pop,杨和苏KeyNG,连轴赚,旷野,2025-02-27,1789
Pop,杨和苏KeyNG,更多恨,旷野,2025-02-27,2085
Pop,杨和苏KeyNG,万马千军,旷野,2025-02-27,1995
Pop,杨和苏KeyNG,过期果汁,旷野,2025-02-27,2225
Pop,杨和苏KeyNG,四轮,旷野,2025-02-27,2165
Pop,杨和苏KeyNG,墙缝,旷野,2025-02-27,1366
Pop,杨和苏KeyNG,雪海,旷野,2025-02-27,2002
Pop,杨和苏KeyNG,旷野,旷野,2025-02-27,2457
Pop,杨和苏KeyNG,世界之巅,世界之巅,2024-10-09,1295
Pop,杨和苏KeyNG,POW!!,POW!!,2023-06-18,1327
Pop,杨和苏KeyNG,随变,随变,2023-06-10,1072
Pop,杨和苏KeyNG,随变 (伴奏),随变,2023-06-10,22
Pop,杨和苏KeyNG,莽夫,莽夫,2023-06-09,5126
Pop,杨和苏KeyNG,冠军相,冠军相,2023-05-26,6813
Pop,杨和苏KeyNG,旗帜,旗帜,2022-03-29,523
Pop,杨和苏KeyNG,小心思,关于,2022-02-10,2594
Pop,杨和苏KeyNG,没有未来,关于,2022-02-10,4664
Pop,杨和苏KeyNG,从那天起,关于,2022-02-10,26331
Pop,杨和苏KeyNG,其实都没有,关于,2022-02-10,5604
Pop,杨和苏KeyNG,吹又生,吹又生,2021-09-02,3519
Pop,杨和苏KeyNG,吹又生 (伴奏),吹又生,2021-09-02,113
Pop,杨和苏KeyNG,Fun Fun Fun,Fun Fun Fun,2021-06-07,3787
Pop,杨和苏KeyNG,健康GANGGANG [feat. 杨和苏] (Remix),健康GANGGANG (REMIX) [feat. 杨和苏],2021-02-04,5423
Pop,杨和苏KeyNG,你是我为数不多的骄傲（点亮现场版）,点亮现场行动LIVE合辑,2020-12-28,2305
Pop,杨和苏KeyNG,沙木黎 (现场版),点亮现场行动LIVE合辑,2020-12-28,151
Pop,杨和苏KeyNG,羽化成蝶,点亮现场行动LIVE合辑,2020-12-28,225
Pop,杨和苏KeyNG,再唱一次这首歌好吗,点亮现场行动LIVE合辑,2020-12-28,57
Pop,杨和苏KeyNG,奇妙世界 (现场版),点亮现场行动LIVE合辑,2020-12-28,274
Pop,杨和苏KeyNG,果汁 (现场版),点亮现场行动LIVE合辑,2020-12-28,556
Pop,杨和苏KeyNG,我想Part2 (现场版),点亮现场行动LIVE合辑,2020-12-28,829
Pop,杨和苏KeyNG,杀鸡待客 (现场版),点亮现场行动LIVE合辑,2020-12-28,690
Pop,杨和苏KeyNG,飘散的炮灰 (现场版),点亮现场行动LIVE合辑,2020-12-28,985
Pop,杨和苏KeyNG,垂死的岁末（点亮现场版）,点亮现场行动LIVE合辑,2020-12-28,705
Pop,杨和苏KeyNG,薄荷夏日 (现场版),点亮现场行动LIVE合辑,2020-12-28,68
Pop,杨和苏KeyNG,游离 (现场版),点亮现场行动LIVE合辑,2020-12-28,41
Pop,杨和苏KeyNG,即兴玩话筒 Live Set,点亮现场行动LIVE合辑,2020-12-28,43
Pop,杨和苏KeyNG,葬礼上的怪人,点亮现场行动LIVE合辑,2020-12-28,48
Pop,杨和苏KeyNG,10st,点亮现场行动LIVE合辑,2020-12-28,35
Pop,杨和苏KeyNG,Under The Moonlight,点亮现场行动LIVE合辑,2020-12-28,37
Pop,杨和苏KeyNG,48hrs,点亮现场行动LIVE合辑,2020-12-28,52
Pop,杨和苏KeyNG,如果没有 (现场版),点亮现场行动LIVE合辑,2020-12-28,324
Pop,杨和苏KeyNG,Hey Kong (现场版),点亮现场行动LIVE合辑,2020-12-28,1324
Pop,杨和苏KeyNG,再见地球 (现场版),点亮现场行动LIVE合辑,2020-12-28,100
Pop,杨和苏KeyNG,W.O.M.W（点亮现场版）,点亮现场行动LIVE合辑,2020-12-28,385
Pop,杨和苏KeyNG,是身如焰 (现场版),点亮现场行动LIVE合辑,2020-12-28,87
Pop,杨和苏KeyNG,G.E.M (现场版),点亮现场行动LIVE合辑,2020-12-28,206
Pop,杨和苏KeyNG,当下 (现场版),点亮现场行动LIVE合辑,2020-12-28,95
Pop,杨和苏KeyNG,小丑女 (现场版),点亮现场行动LIVE合辑,2020-12-28,444
Pop,杨和苏KeyNG,夜三里 (现场版),点亮现场行动LIVE合辑,2020-12-28,288
Pop,杨和苏KeyNG,改歌词,辩护人,2020-10-15,1522
Pop,杨和苏KeyNG,大反派,辩护人,2020-10-15,15440
Pop,杨和苏KeyNG,阴暗面,辩护人,2020-10-15,4421
Pop,杨和苏KeyNG,小丑女,辩护人,2020-10-15,32666
Pop,杨和苏KeyNG,很久很久,辩护人,2020-10-15,71782
Pop,杨和苏KeyNG,豫章书院,辩护人,2020-10-15,3198
Pop,杨和苏KeyNG,豫盖弥章,辩护人,2020-10-15,10104
Pop,杨和苏KeyNG,十五.五十,辩护人,2020-10-15,14908
Pop,杨和苏KeyNG,让我快乐,辩护人,2020-10-15,31856
Pop,杨和苏KeyNG,下一段旅程,辩护人,2020-10-15,26401
Pop,杨和苏KeyNG,决不投降,辩护人,2020-10-15,13642
Pop,杨和苏KeyNG,辩护人,辩护人,2020-10-15,1322
Pop,杨和苏KeyNG,"""她""","""她""",2019-10-07,11411
Pop,杨和苏KeyNG,最初的时候,加冕,2019-03-20,5689
Pop,杨和苏KeyNG,Who's Real,加冕,2019-03-20,3561
Pop,杨和苏KeyNG,法老,加冕,2019-03-20,3488
Pop,杨和苏KeyNG,加冕,加冕,2019-03-20,13856
Pop,杨和苏KeyNG,My Resume,加冕,2019-03-20,1277
Pop,杨和苏KeyNG,鱼和熊掌,加冕,2019-03-20,8397
Pop,杨和苏KeyNG,老杨,加冕,2019-03-20,647
Pop,杨和苏KeyNG,都走了,加冕,2019-03-20,17587
Pop,杨和苏KeyNG,吹又生,加冕,2019-03-20,12191
Pop,杨和苏KeyNG,最后的狂欢,加冕,2019-03-20,3693
Pop,杨和苏KeyNG,Pray for you,Pray For You,2018-04-23,13378
Pop,杨和苏KeyNG,Pray For You(伴奏),Pray For You,2018-04-23,389
Pop,薛之谦,人字拖,人字拖,2026-04-30,100575
Pop,薛之谦,湖泊,湖泊,2026-02-14,107758
Pop,薛之谦,金斧子银斧子,金斧子银斧子,2025-08-05,101755
Pop,薛之谦,跃,跃,2025-07-17,205818
Pop,薛之谦,木偶人,尘,2019-12-27,226098
Pop,薛之谦,慢半拍,尘,2019-12-27,170918
Pop,薛之谦,这么久没见,尘,2019-12-27,157211
Pop,薛之谦,笑场,尘,2019-12-27,118285
Pop,薛之谦,病态,尘,2019-12-27,112549
Pop,薛之谦,尘,尘,2019-12-27,70069
Pop,薛之谦,陪你去流浪,尘,2019-12-27,219758
Pop,薛之谦,配合,尘,2019-12-27,76652
Pop,薛之谦,环,尘,2019-12-27,29981
Pop,薛之谦,聊表心意,尘,2019-12-27,78863
Pop,薛之谦,摩天大楼,怪咖,2018-12-31,97387
Pop,薛之谦,怪咖,怪咖,2018-12-31,164850
Pop,薛之谦,肆无忌惮,怪咖,2018-12-31,123863
Pop,薛之谦,狐狸,怪咖,2018-12-31,83256
Pop,薛之谦,天份,怪咖,2018-12-31,259208
Pop,薛之谦,最好,怪咖,2018-12-31,137486
Pop,薛之谦,醒来 (Live),怪咖,2018-12-31,9318
Pop,薛之谦,哑巴,怪咖,2018-12-31,112714
Pop,薛之谦,那是你离开了北京的生活,怪咖,2018-12-31,192823
Pop,薛之谦,违背的青春,怪咖,2018-12-31,36785
Pop,王嘉尔,天下过客,天下过客,2026-02-14,4773
Pop,王嘉尔,天下过客 (伴奏),天下过客,2026-02-14,42
Pop,王嘉尔,Let Loose,Let Loose,2025-09-13,3805
Pop,王嘉尔,Hate to Love,Hate to Love,2025-06-06,44892
Pop,王嘉尔,BUCK (feat. Diljit Dosanjh),BUCK (feat. Diljit Dosanjh),2025-05-09,46258
Pop,王嘉尔,GBAD (feat. MILLI & YOUHA) [Remix],GBAD (feat. MILLI & YOUHA) [Remix],2025-04-27,679
Pop,王嘉尔,GBAD (Number_i Remix),GBAD (Number_i Remix),2025-04-15,3766
Pop,王嘉尔,HARDER (feat. Jackson Wang & Yultron),HARDER (feat. Jackson Wang & Yultron),2023-08-25,2957
Pop,王嘉尔,Blow,MAGIC MAN,2022-09-09,4854
Pop,王嘉尔,Cruel,MAGIC MAN,2022-09-09,3448
Pop,王嘉尔,Champagne Cool,MAGIC MAN,2022-09-09,2370
Pop,王嘉尔,Go Ghost,MAGIC MAN,2022-09-09,2596
Pop,王嘉尔,Drive It Like You Stole It,MAGIC MAN,2022-09-09,2145
Pop,王嘉尔,Come Alive,MAGIC MAN,2022-09-09,2354
Pop,王嘉尔,Just Like Magic,MAGIC MAN,2022-09-09,2130
Pop,王嘉尔,All The Way,MAGIC MAN,2022-09-09,1166
Pop,王嘉尔,Dopamine,MAGIC MAN,2022-09-09,1361
Pop,王嘉尔,Blue,MAGIC MAN,2022-09-09,1461
Pop,王嘉尔,Poison,LOST & FOUND,2022-03-07,5902
Pop,王嘉尔,Dead,LOST & FOUND,2022-03-07,3772
Pop,王嘉尔,I Don't Have It,LOST & FOUND,2022-03-07,4162
Pop,王嘉尔,Power,LOST & FOUND,2022-03-07,2924
Pop,王嘉尔,Blackout,LOST & FOUND,2022-03-07,2833
Pop,王嘉尔,In My Bed,LOST & FOUND,2022-03-07,2975
Pop,王嘉尔,The Moment,LOST & FOUND,2022-03-07,3522
Pop,王嘉尔,Vibes,LOST & FOUND,2022-03-07,5530
Pop,王嘉尔,Drive You Home,Drive You Home,2021-07-29,201370
Pop,王嘉尔,California (feat. Jackson Wang & Warren Hue) [Remix],California (feat. Jackson Wang & Warren Hue) [Remix],2021-07-14,28
Pop,王嘉尔,MAGNETIC,MAGNETIC,2021-03-03,1585
Pop,王嘉尔,过,过,2020-12-17,195622
Pop,王嘉尔,过 (伴奏),过,2020-12-17,1284
Pop,王嘉尔,BULLET TO THE HEART,MIRRORS,2019-10-25,127616
Pop,王嘉尔,ON THE ROCKS,MIRRORS,2019-10-25,17139
Pop,王嘉尔,DWAY!,MIRRORS,2019-10-25,20848
Pop,王嘉尔,UNLESS I’M WITH YOU,MIRRORS,2019-10-25,14497
Pop,王嘉尔,BAD BACK (feat. GoldLink),MIRRORS,2019-10-25,12068
Pop,王嘉尔,TITANIC (feat. Rich Brian),MIRRORS,2019-10-25,18423
Pop,王嘉尔,FADED,MIRRORS,2019-10-25,11632
Pop,王嘉尔,爱 (I Love You 3000 Chinese Version),MIRRORS,2019-10-25,40527
Pop,王嘉尔,Papillon(BOYTOY remix) [巴比龙 (BOYTOY 混音版)],Papillon(BOYTOY remix) [巴比龙 (BOYTOY 混音版)],2019-07-05,3903
Pop,王嘉尔,Hello,Hello,2018-12-08,2691
Pop,王嘉尔,Different Game,Different Game,2018-11-07,0
Pop,王嘉尔,Dawn of us,Dawn of us,2018-04-20,116722
Pop,h3r3,有，没有,有，没有,2025-03-21,5729
Pop,h3r3,念,故事商铺·上,2024-07-20,14437
Pop,h3r3,无赖,故事商铺·上,2024-07-20,17466
Pop,h3r3,再等冬天(Memories),故事商铺·上,2024-07-20,215363
Pop,h3r3,不再需要你,故事商铺·上,2024-07-20,21453
Pop,h3r3,锈,故事商铺·上,2024-07-20,26603
Pop,h3r3,亲爱的,故事商铺·上,2024-07-20,40977
Pop,h3r3,银河下的浪漫,故事商铺·上,2024-07-20,7580
Pop,h3r3,影子,故事商铺·上,2024-07-20,2918
Pop,h3r3,念(伴奏),故事商铺·上,2024-07-20,2502
Pop,h3r3,无赖(伴奏),故事商铺·上,2024-07-20,1187
Pop,h3r3,再等冬天(Memories)(伴奏),故事商铺·上,2024-07-20,3726
Pop,h3r3,不再需要你(伴奏),故事商铺·上,2024-07-20,2602
Pop,h3r3,锈(伴奏),故事商铺·上,2024-07-20,836
Pop,h3r3,亲爱的(伴奏),故事商铺·上,2024-07-20,827
Pop,h3r3,银河下的浪漫(伴奏),故事商铺·上,2024-07-20,686
Pop,h3r3,影子(伴奏),故事商铺·上,2024-07-20,2407
Pop,h3r3,再见,再见,2024-04-30,5096
Pop,h3r3,再见（伴奏）,再见,2024-04-30,277
Pop,h3r3,密室,密室,2023-09-12,1915
Pop,h3r3,密室（伴奏）,密室,2023-09-12,269
Pop,h3r3,我又想你了,我又想你了,2023-03-03,13645
Pop,h3r3,我又想你了 (伴奏),我又想你了,2023-03-03,606
Pop,h3r3,先说谎的人,先说谎的人,2021-12-17,133014
Pop,h3r3,先说谎的人 (伴奏),先说谎的人,2021-12-17,1053
Pop,h3r3,Cause I,Cause I,2020-03-03,20043
Pop,h3r3,待,待,2019-10-23,2256
Pop,h3r3,逃离,逃离,2019-09-18,3592
Pop,h3r3,一颗苹果,一颗苹果,2018-10-25,4359
Pop,h3r3,I‘M YOURS PT.2,I'M YOURS PT.2,2018-06-07,13058
Pop,姜云升,山河,山河,2024-08-01,10373
Pop,姜云升,山河Pt.2,山河,2024-08-01,272
Pop,姜云升,流量Rapper,流量Rapper,2022-09-16,14782
Pop,姜云升,始乱终弃,始乱终弃,2022-07-30,0
Pop,姜云升,始乱终弃 (伴奏),始乱终弃,2022-07-30,0
Pop,姜云升,始乱终弃 (和声伴奏),始乱终弃,2022-07-30,0
Pop,姜云升,想你,想你,2022-05-21,39763
Pop,姜云升,孤独面店,孤独面店,2022-01-05,1476
Pop,姜云升,孤独面店,孤独面店,2022-01-05,4499
Pop,姜云升,孤独面店,孤独面店,2022-01-05,58737
Pop,姜云升,孤独面店,孤独面店,2022-01-05,2354
Pop,姜云升,孤独面店,孤独面店,2022-01-05,2792
Pop,姜云升,宅,宅,2020-05-08,15972
Pop,姜云升,往右边划,往右边滑,2019-07-16,3823
Pop,姜云升,不后悔遇见你,不后悔遇见你,2019-03-12,38288
Pop,姜云升,举步维艰,举步维艰,2018-09-16,14836
Pop,刘聪KEY.L,下弦月,下弦月,2025-01-17,3656
Pop,刘聪KEY.L,黑蝴蝶,黑蝴蝶,2024-01-14,4152
Pop,刘聪KEY.L,Saturday Party,Saturday Party,2023-11-18,2356
Pop,刘聪KEY.L,苦咖啡·唯一,「想念你」音乐特别企划,2023-02-21,46112
Pop,刘聪KEY.L,Runaway·第一次爱的人,「想念你」音乐特别企划,2023-02-21,1520
Pop,刘聪KEY.L,不必猜·猜不透,「想念你」音乐特别企划,2023-02-21,1539
Pop,刘聪KEY.L,回家谣·宁夏,「想念你」音乐特别企划,2023-02-21,4300
Pop,刘聪KEY.L,东方不败,东方不败,2022-09-09,3723
Pop,刘聪KEY.L,斩,斩,2021-10-31,2916
Pop,刘聪KEY.L,无赖,无赖,2021-04-01,14235
Pop,刘聪KEY.L,序章,街区故事,2020-10-10,1392
Pop,刘聪KEY.L,街区故事,街区故事,2020-10-10,6163
Pop,刘聪KEY.L,Hey KONG,街区故事,2020-10-10,97697
Pop,刘聪KEY.L,家书,街区故事,2020-10-10,2805
Pop,刘聪KEY.L,272ANTI,街区故事,2020-10-10,6688
Pop,刘聪KEY.L,MY BOO,街区故事,2020-10-10,31348
Pop,刘聪KEY.L,嗨佬,街区故事,2020-10-10,2308
Pop,刘聪KEY.L,没得,街区故事,2020-10-10,12531
Pop,刘聪KEY.L,没钥匙的锁,街区故事,2020-10-10,27781
Pop,刘聪KEY.L,Free me,街区故事,2020-10-10,1498
Pop,刘聪KEY.L,以邦之名,街区故事,2020-10-10,3054
Pop,刘聪KEY.L,Hey KONG,街区故事,2020-10-10,9822
Pop,刘聪KEY.L,Intro,KEY to L,2019-01-11,766
Pop,刘聪KEY.L,小黑屋,KEY to L,2019-01-11,1345
Pop,刘聪KEY.L,离家出走,KEY to L,2019-01-11,4826
Pop,刘聪KEY.L,黑色的梦,KEY to L,2019-01-11,3384
Pop,刘聪KEY.L,两个世界,KEY to L,2019-01-11,12513
Pop,刘聪KEY.L,未婚妈妈,KEY to L,2019-01-11,2021
Pop,刘聪KEY.L,二手摩托,KEY to L,2019-01-11,7503
Pop,刘聪KEY.L,Monica,KEY to L,2019-01-11,12181
Pop,刘聪KEY.L,夜寞寂Kimoji,KEY to L,2019-01-11,14576
Pop,刘聪KEY.L,Life's a movie,KEY to L,2019-01-11,5458
Pop,刘聪KEY.L,KEY to L,KEY to L,2019-01-11,2159
Pop,刘聪KEY.L,沙漠之花 (feat.Key.L),沙漠之花 (feat.Key.L),2018-06-28,1557
Pop,刘聪KEY.L,同路人,同路人,2018-01-21,1501
Pop,刘聪KEY.L,半吊子,半吊子,2018-01-14,4499
Pop,邓紫棋,Sacrifice,Sacrifice,2025-10-13,13577
Pop,邓紫棋,我的秘密 (G.E.M.重生版),I AM GLORIA,2025-06-12,15992
Pop,邓紫棋,Where Did U Go (G.E.M.重生版),I AM GLORIA,2025-06-12,13427
Pop,邓紫棋,A.I.N.Y. 爱你 (G.E.M.重生版),I AM GLORIA,2025-06-12,11688
Pop,邓紫棋,泡沫 (G.E.M.重生版),I AM GLORIA,2025-06-12,32584
Pop,邓紫棋,回忆的沙漏 (G.E.M.重生版),I AM GLORIA,2025-06-12,11982
Pop,邓紫棋,红蔷薇白玫瑰 (G.E.M.重生版),I AM GLORIA,2025-06-12,110163
Pop,邓紫棋,画 (G.E.M.重生版),I AM GLORIA,2025-06-12,11354
Pop,邓紫棋,光年之外 (G.E.M.重生版),I AM GLORIA,2025-06-12,14104
Pop,邓紫棋,睡公主 (G.E.M.重生版),I AM GLORIA,2025-06-12,10595
Pop,邓紫棋,天空没有极限 (粤),I AM GLORIA,2025-06-12,14183
Pop,邓紫棋,后会无期 (G.E.M.重生版),I AM GLORIA,2025-06-12,10940
Pop,邓紫棋,喜欢你 (G.E.M.重生版),I AM GLORIA,2025-06-12,11775
Pop,邓紫棋,Amazing Grace,Amazing Grace,2024-03-08,67196
Pop,邓紫棋,Amazing Grace (Live Version),Amazing Grace,2024-03-08,767
Pop,邓紫棋,少年与海,启示录,2022-09-23,13015
Pop,邓紫棋,HELL,启示录,2022-09-23,26558
Pop,邓紫棋,只有我和你的地方,启示录,2022-09-23,16584
Pop,邓紫棋,你不是第一个离开的人,启示录,2022-09-23,32242
Pop,邓紫棋,不想回家,启示录,2022-09-23,20191
Pop,邓紫棋,冰河时代,启示录,2022-09-23,23943
Pop,邓紫棋,受难曲,启示录,2022-09-23,21233
Pop,邓紫棋,GLORIA,启示录,2022-09-23,64285
Pop,邓紫棋,老人与海,启示录,2022-09-23,15042
Pop,邓紫棋,FIND YOU,启示录,2022-09-23,13734
Pop,邓紫棋,离心力,启示录,2022-09-23,11484
Pop,邓紫棋,让世界暂停一分钟,启示录,2022-09-23,14148
Pop,邓紫棋,夜的尽头,启示录,2022-09-23,19230
Pop,邓紫棋,天空没有极限,启示录,2022-09-23,26783
Pop,邓紫棋,倒流时间,倒流时间,2021-12-21,28685
Pop,邓紫棋,倒流时间 (伴奏),倒流时间,2021-12-21,325
Pop,邓紫棋,回忆的沙漏 (10周年版),回忆的沙漏 (10周年版),2018-11-30,4615
Pop,周杰伦,Six Degrees,Six Degrees,2025-01-10,0
Pop,周杰伦,Intro,最伟大的作品,2022-07-15,0
Pop,周杰伦,最伟大的作品,最伟大的作品,2022-07-15,0
Pop,周杰伦,还在流浪,最伟大的作品,2022-07-15,0
Pop,周杰伦,说好不哭,最伟大的作品,2022-07-15,0
Pop,周杰伦,红颜如霜,最伟大的作品,2022-07-15,0
Pop,周杰伦,不爱我就拉倒,最伟大的作品,2022-07-15,0
Pop,周杰伦,Mojito,最伟大的作品,2022-07-15,0
Pop,周杰伦,错过的烟火,最伟大的作品,2022-07-15,0
Pop,周杰伦,等你下课,最伟大的作品,2022-07-15,0
Pop,周杰伦,粉色海洋,最伟大的作品,2022-07-15,0
Pop,周杰伦,倒影,最伟大的作品,2022-07-15,0
Pop,周杰伦,我是如此相信,最伟大的作品,2022-07-15,0
Pop,周杰伦,不爱我就拉倒,不爱我就拉倒,2018-05-15,0
